{
    "root_group": {
        "checks": {
            "status 200": {
                "path": "::status 200",
                "id": "fad9fa412b86fcb03bee97c80dcd61f1",
                "passes": 4920,
                "fails": 80,
                "name": "status 200"
            }
        },
        "name": "",
        "path": "",
        "id": "d41d8cd98f00b204e9800998ecf8427e",
        "groups": {}
    },
    "metrics": {
        "data_received": {
            "count": 2472059,
            "rate": 34153.62044010692
        },
        "http_reqs": {
            "count": 5000,
            "rate": 69.07929875481717
        },
        "http_req_connecting": {
            "p(95)": 0,
            "p(99)": 7.423964169999999,
            "avg": 0.36854936039999997,
            "min": 0,
            "med": 0,
            "max": 135.957916,
            "p(90)": 0
        },
        "vus": {
            "max": 100,
            "value": 70,
            "min": 0
        },
        "data_sent": {
            "count": 1502085,
            "rate": 20752.595694025913
        },
        "iteration_duration": {
            "p(90)": 2738.913443,
            "p(95)": 3248.1630725,
            "p(99)": 6223.05490709,
            "avg": 1437.569396507595,
            "min": 12.13675,
            "med": 1095.587813,
            "max": 7087.721294
        },
        "http_req_tls_handshaking": {
            "avg": 0,
            "min": 0,
            "med": 0,
            "max": 0,
            "p(90)": 0,
            "p(95)": 0,
            "p(99)": 0
        },
        "http_req_sending": {
            "avg": 0.904521040199999,
            "min": 0.004375,
            "med": 0.026292,
            "max": 177.618875,
            "p(90)": 0.11495860000000005,
            "p(95)": 0.3568297999999995,
            "p(99)": 14.150396159999916
        },
        "http_req_waiting": {
            "avg": 1373.5079066408057,
            "min": 9.317958,
            "med": 1041.0685835,
            "max": 7062.903614,
            "p(90)": 2666.9834513,
            "p(95)": 3189.0924054999987,
            "p(99)": 6120.85075708
        },
        "http_req_receiving": {
            "max": 360.077584,
            "p(90)": 122.1653623,
            "p(95)": 143.48495690000001,
            "p(99)": 184.55540125,
            "avg": 59.495075094200104,
            "min": 0,
            "med": 42.491646
        },
        "http_req_failed": {
            "passes": 80,
            "fails": 4920,
            "value": 0.016
        },
        "checks": {
            "fails": 80,
            "passes": 4920,
            "value": 0.984
        },
        "http_req_duration{expected_response:true}": {
            "med": 1097.34623,
            "max": 7063.155114,
            "p(90)": 2751.0459136,
            "p(95)": 3249.18067605,
            "p(99)": 6215.47320098,
            "avg": 1441.2054529008126,
            "min": 79.661791
        },
        "iterations": {
            "count": 5000,
            "rate": 69.07929875481717
        },
        "vus_max": {
            "value": 100,
            "min": 60,
            "max": 100
        },
        "http_req_duration": {
            "p(99)": 6212.43883458,
            "avg": 1433.9075027752,
            "min": 9.407791,
            "med": 1094.531688,
            "max": 7063.155114,
            "p(90)": 2732.7189457,
            "p(95)": 3245.2804579
        },
        "http_req_blocked": {
            "avg": 0.7775072024000002,
            "min": 0.000917,
            "med": 0.0054795,
            "max": 141.647125,
            "p(90)": 0.0175411,
            "p(95)": 0.05939164999999992,
            "p(99)": 19.965314589999846
        }
    }
}