{
    "root_group": {
        "name": "",
        "path": "",
        "id": "d41d8cd98f00b204e9800998ecf8427e",
        "groups": {},
        "checks": {
                "status 200": {
                    "fails": 0,
                    "name": "status 200",
                    "path": "::status 200",
                    "id": "fad9fa412b86fcb03bee97c80dcd61f1",
                    "passes": 5000
                }
            }
    },
    "metrics": {
        "data_sent": {
            "count": 1500500,
            "rate": 20378.259563733325
        },
        "http_req_duration": {
            "p(90)": 5162.900760700001,
            "p(95)": 6369.66518455,
            "p(99)": 8569.99219025,
            "avg": 2908.6896598412072,
            "min": 89.263166,
            "med": 2545.1317515,
            "max": 12858.173964
        },
        "http_req_connecting": {
            "p(99)": 7.7158027499999715,
            "avg": 1.6300613514,
            "min": 0,
            "med": 0,
            "max": 517.98225,
            "p(90)": 0,
            "p(95)": 0
        },
        "vus_max": {
            "max": 200,
            "value": 200,
            "min": 133
        },
        "http_req_blocked": {
            "avg": 1.7313673502000118,
            "min": 0.001125,
            "med": 0.005459,
            "max": 518.057042,
            "p(90)": 0.018254200000000005,
            "p(95)": 0.06961104999999933,
            "p(99)": 12.01085216999998
        },
        "data_received": {
            "rate": 33992.28146926607,
            "count": 2502933
        },
        "vus": {
            "value": 9,
            "min": 0,
            "max": 200
        },
        "http_req_tls_handshaking": {
            "min": 0,
            "med": 0,
            "max": 0,
            "p(90)": 0,
            "p(95)": 0,
            "p(99)": 0,
            "avg": 0
        },
        "http_req_waiting": {
            "avg": 2907.85327538559,
            "min": 89.184667,
            "med": 2542.6462305,
            "max": 12848.585214,
            "p(90)": 5162.7339446000005,
            "p(95)": 6369.199119649999,
            "p(99)": 8554.71970974
        },
        "http_reqs": {
            "count": 5000,
            "rate": 67.90489691347325
        },
        "http_req_sending": {
            "max": 547.870125,
            "p(90)": 0.0761744,
            "p(95)": 0.1738639499999991,
            "p(99)": 1.3776370900000001,
            "avg": 0.3452930648000012,
            "min": 0.004167,
            "med": 0.025
        },
        "http_req_failed": {
            "passes": 0,
            "fails": 5000,
            "value": 0
        },
        "checks": {
            "passes": 5000,
            "fails": 0,
            "value": 1
        },
        "http_req_duration{expected_response:true}": {
            "med": 2545.1317515,
            "max": 12858.173964,
            "p(90)": 5162.900760700001,
            "p(95)": 6369.66518455,
            "p(99)": 8569.99219025,
            "avg": 2908.6896598412072,
            "min": 89.263166
        },
        "iterations": {
            "count": 5000,
            "rate": 67.90489691347325
        },
        "http_req_receiving": {
            "avg": 0.4910913907999996,
            "min": 0.0125,
            "med": 0.10947899999999999,
            "max": 102.32525,
            "p(90)": 0.3272122,
            "p(95)": 0.6003996499999991,
            "p(99)": 5.954785329999998
        },
        "iteration_duration": {
            "p(90)": 5168.6185934000005,
            "p(95)": 6375.99935335,
            "p(99)": 8589.88235626,
            "avg": 2911.467353064989,
            "min": 89.71,
            "med": 2546.754397,
            "max": 12863.107547
        }
    }
}