{
    "root_group": {
        "name": "",
        "path": "",
        "id": "d41d8cd98f00b204e9800998ecf8427e",
        "groups": {},
        "checks": {
                "status 200": {
                    "name": "status 200",
                    "path": "::status 200",
                    "id": "fad9fa412b86fcb03bee97c80dcd61f1",
                    "passes": 4738,
                    "fails": 262
                }
            }
    },
    "metrics": {
        "checks": {
            "passes": 4738,
            "fails": 262,
            "value": 0.9476
        },
        "iterations": {
            "count": 5000,
            "rate": 80.12890941123828
        },
        "iteration_duration": {
            "med": 510.57775,
            "max": 3673.619043,
            "p(90)": 1149.6186251,
            "p(95)": 1471.3119440999997,
            "p(99)": 2518.6389929899997,
            "avg": 623.4015707551993,
            "min": 0.112583
        },
        "data_received": {
            "count": 2375638,
            "rate": 38071.45641917906
        },
        "http_req_failed": {
            "passes": 262,
            "fails": 4738,
            "value": 0.0524
        },
        "http_req_receiving": {
            "avg": 58.65165667079987,
            "min": 0,
            "med": 42.1781875,
            "max": 617.6755,
            "p(90)": 120.03104550000002,
            "p(95)": 138.7727774,
            "p(99)": 184.62560432
        },
        "http_req_sending": {
            "p(90)": 0.08142020000000001,
            "p(95)": 0.23122354999999828,
            "p(99)": 3.7654323299999914,
            "avg": 0.31701355079999993,
            "min": 0,
            "med": 0.0241455,
            "max": 242.501584
        },
        "vus_max": {
            "max": 50,
            "value": 50,
            "min": 50
        },
        "http_req_duration": {
            "p(90)": 1119.7949712,
            "p(95)": 1426.9608465,
            "p(99)": 2403.15164841,
            "avg": 608.2585266752006,
            "min": 0,
            "med": 508.53243050000003,
            "max": 3668.48096
        },
        "http_req_connecting": {
            "avg": 0.2516292914,
            "min": 0,
            "med": 0,
            "max": 258.787333,
            "p(90)": 0,
            "p(95)": 0,
            "p(99)": 0.6834478299999915
        },
        "vus": {
            "value": 50,
            "min": 50,
            "max": 50
        },
        "http_req_duration{expected_response:true}": {
            "avg": 623.1355663083583,
            "min": 48.676583,
            "med": 514.626,
            "max": 3668.48096,
            "p(90)": 1116.6855126,
            "p(95)": 1385.4860277499997,
            "p(99)": 2406.5681838299997
        },
        "http_req_blocked": {
            "min": 0,
            "med": 0.005375,
            "max": 259.337667,
            "p(90)": 0.014337200000000005,
            "p(95)": 0.02994404999999988,
            "p(99)": 4.788875089999985,
            "avg": 0.6282560705999997
        },
        "data_sent": {
            "count": 1448424,
            "rate": 23212.127097012682
        },
        "http_reqs": {
            "count": 5000,
            "rate": 80.12890941123828
        },
        "http_req_tls_handshaking": {
            "max": 0,
            "p(90)": 0,
            "p(95)": 0,
            "p(99)": 0,
            "avg": 0,
            "min": 0,
            "med": 0
        },
        "http_req_waiting": {
            "avg": 549.2898564536006,
            "min": 0,
            "med": 433.262604,
            "max": 3617.81271,
            "p(90)": 1058.4683376,
            "p(95)": 1334.7762194,
            "p(99)": 2396.09073842
        }
    }
}